go_id	go_name	go_domain	tax_id	annotation_type	size	gene_ids	gene_symbols
GO:0000023	maltose metabolic process	biological_process	227321	direct	1	2868278	ANIA_08953
GO:0000077	DNA damage checkpoint signaling	biological_process	227321	direct	2	2870168|2870870	ANIA_06975|ANIA_06044
GO:0000086	G2/M transition of mitotic cell cycle	biological_process	227321	direct	1	2876584	ANIA_00808
GO:0000096	sulfur amino acid metabolic process	biological_process	227321	direct	2	2871508|2872158	ANIA_05218|ANIA_04361
GO:0000103	sulfate assimilation	biological_process	227321	direct	1	2873886	ANIA_02730
GO:0000105	L-histidine biosynthetic process	biological_process	227321	direct	1	2870225	ANIA_06536
GO:0000122	negative regulation of transcription by RNA polymerase II	biological_process	227321	direct	1	2876167	ANIA_00387
GO:0000124	SAGA complex	cellular_component	227321	direct	9	2869223|2872469|2873945|2875930|2876214|2876492|2876572|74896590|74896696	ANIA_08232|ANIA_04670|ANIA_02769|ANIA_00154|ANIA_00440|ANIA_00719|ANIA_00794|ANIA_10763|ANIA_10953
GO:0000148	1,3-beta-D-glucan synthase complex	cellular_component	227321	direct	1	2873152	ANIA_03729
GO:0000162	tryptophan biosynthetic process	biological_process	227321	direct	1	2870792	ANIA_06231
GO:0000184	nuclear-transcribed mRNA catabolic process, nonsense-mediated decay	biological_process	227321	direct	1	2870476	ANIA_06695
GO:0000226	microtubule cytoskeleton organization	biological_process	227321	direct	1	2874636	ANIA_02101
GO:0000278	mitotic cell cycle	biological_process	227321	direct	1	2870172	ANIA_07296
GO:0000324	fungal-type vacuole	cellular_component	227321	direct	3	2870889|2871126|2872414	ANIA_05982|ANIA_06118|ANIA_04615
GO:0000328	fungal-type vacuole lumen	cellular_component	227321	direct	1	2871126	ANIA_06118
GO:0000329	fungal-type vacuole membrane	cellular_component	227321	direct	1	2872217	ANIA_04416
GO:0000338	protein deneddylation	biological_process	227321	direct	1	2873176	ANIA_10456
GO:0000372	Group I intron splicing	biological_process	227321	direct	1	12799274	ANID_20006
GO:0000719	photoreactive repair	biological_process	227321	direct	1	2876167	ANIA_00387
GO:0000724	double-strand break repair via homologous recombination	biological_process	227321	direct	1	2877012	ANIA_01237
GO:0000776	kinetochore	cellular_component	227321	direct	3	2874038|2874687|2876474	ANIA_02886|ANIA_02511|ANIA_00696
GO:0000821	regulation of arginine metabolic process	biological_process	227321	direct	1	2875978	ANIA_00202
GO:0000902	cell morphogenesis	biological_process	227321	direct	2	2871120|2877138	ANIA_06150|ANIA_01359
GO:0000905	sporocarp development involved in asexual reproduction	biological_process	227321	direct	3	2869473|2870118|74896234	ANIA_07487|ANIA_07030|ANIA_10148
GO:0000909	sporocarp development involved in sexual reproduction	biological_process	227321	direct	8	2869126|2869918|2871446|2871747|2874551|2874843|2875860|2876999	ANIA_08261|ANIA_07252|ANIA_05156|ANIA_05457|ANIA_03422|ANIA_02269|ANIA_00082|ANIA_01222
GO:0000915	actomyosin contractile ring assembly	biological_process	227321	direct	1	2875891	ANIA_00113
GO:0000932	P-body	cellular_component	227321	direct	1	2874475	ANIA_02751
GO:0000935	division septum	cellular_component	227321	direct	1	2876133	ANIA_10061
GO:0000977	RNA polymerase II transcription regulatory region sequence-specific DNA binding	molecular_function	227321	direct	1	2870974	ANIA_06293
GO:0000981	DNA-binding transcription factor activity, RNA polymerase II-specific	molecular_function	227321	direct	1	2873968	ANIA_02944
GO:0001100	negative regulation of exit from mitosis	biological_process	227321	direct	1	2874759	ANIA_01779
GO:0001411	hyphal tip	cellular_component	227321	direct	12	2868324|2869473|2869918|2870049|2870951|2870964|2871819|2871980|2874551|2874843|2875353|2876238	ANIA_08769|ANIA_07487|ANIA_07252|ANIA_07077|ANIA_05803|ANIA_06317|ANIA_05529|ANIA_05686|ANIA_03422|ANIA_02269|ANIA_01953|ANIA_00462
GO:0003677	DNA binding	molecular_function	227321	direct	4	2870240|2873455|2875020|12799274	ANIA_06492|ANIA_04034|ANIA_02016|ANID_20006
GO:0003690	double-stranded DNA binding	molecular_function	227321	direct	2	2872698|2875277	ANIA_04900|ANIA_01729
GO:0003700	DNA-binding transcription factor activity	molecular_function	227321	direct	6	2869706|2870240|2873455|2874769|2875978|2876465	ANIA_07734|ANIA_06492|ANIA_04034|ANIA_02270|ANIA_00202|ANIA_00689
GO:0003723	RNA binding	molecular_function	227321	direct	1	12799274	ANID_20006
GO:0003727	single-stranded RNA binding	molecular_function	227321	direct	2	2873169|74896266	ANIA_03745|ANIA_10200
GO:0003729	mRNA binding	molecular_function	227321	direct	1	2868083	ANIA_09090
GO:0003779	actin binding	molecular_function	227321	direct	1	2870964	ANIA_06317
GO:0003796	lysozyme activity	molecular_function	227321	direct	1	2871367	ANIA_06470
GO:0003843	1,3-beta-D-glucan synthase activity	molecular_function	227321	direct	1	2873152	ANIA_03729
GO:0003849	3-deoxy-7-phosphoheptulonate synthase activity	molecular_function	227321	direct	2	2871990|2876132	ANIA_05701|ANIA_00354
GO:0003868	4-hydroxyphenylpyruvate dioxygenase activity	molecular_function	227321	direct	1	2874766	ANIA_01899
GO:0003904	deoxyribodipyrimidine photo-lyase activity	molecular_function	227321	direct	1	2876167	ANIA_00387
GO:0003917	DNA topoisomerase type I (single strand cut, ATP-independent) activity	molecular_function	227321	direct	1	2876031	ANIA_00253
GO:0003962	cystathionine gamma-synthase activity	molecular_function	227321	direct	1	2873802	ANIA_03456
GO:0003978	UDP-glucose 4-epimerase activity	molecular_function	227321	direct	1	2872524	ANIA_04727
GO:0003984	acetolactate synthase activity	molecular_function	227321	direct	2	2872229|2872754	ANIA_04430|ANIA_04956
GO:0003993	acid phosphatase activity	molecular_function	227321	direct	1	2870108	ANIA_07142
GO:0004038	allantoinase activity	molecular_function	227321	direct	1	2872401	ANIA_04603
GO:0004092	carnitine O-acetyltransferase activity	molecular_function	227321	direct	1	2871201	ANIA_06279
GO:0004096	catalase activity	molecular_function	227321	direct	1	2870994	ANIA_05918
GO:0004123	cystathionine gamma-lyase activity	molecular_function	227321	direct	1	2875483	ANIA_01446
GO:0004151	dihydroorotase activity	molecular_function	227321	direct	1	2876739	ANIA_10131
GO:0004152	dihydroorotate dehydrogenase activity	molecular_function	227321	direct	1	2870902	ANIA_05909
GO:0004169	dolichyl-phosphate-mannose-protein mannosyltransferase activity	molecular_function	227321	direct	2	2871398|2875312	ANIA_05105|ANIA_01459
GO:0004252	serine-type endopeptidase activity	molecular_function	227321	direct	1	2873006	ANIA_03583
GO:0004312	fatty acid synthase activity	molecular_function	227321	direct	1	2867918	ANIA_09407
GO:0004352	glutamate dehydrogenase (NAD+) activity	molecular_function	227321	direct	1	2869545	ANIA_07451
GO:0004364	glutathione transferase activity	molecular_function	227321	direct	2	2871099|2876713	ANIA_06024|ANIA_00932
GO:0004370	glycerol kinase activity	molecular_function	227321	direct	1	2871880	ANIA_05589
GO:0004407	histone deacetylase activity	molecular_function	227321	direct	2	2869011|2872294	ANIA_08042|ANIA_04493
GO:0004424	imidazoleglycerol-phosphate dehydratase activity	molecular_function	227321	direct	1	2870225	ANIA_06536
GO:0004485	methylcrotonoyl-CoA carboxylase activity	molecular_function	227321	direct	3	2871564|2872485|2872488	ANIA_05273|ANIA_04687|ANIA_04690
GO:0004489	methylenetetrahydrofolate reductase (NAD(P)H) activity	molecular_function	227321	direct	2	2869045|2870768	ANIA_08215|ANIA_05883
GO:0004490	methylglutaconyl-CoA hydratase activity	molecular_function	227321	direct	1	2871564	ANIA_05273
GO:0004536	DNA nuclease activity	molecular_function	227321	direct	1	12799274	ANID_20006
GO:0004553	hydrolase activity, hydrolyzing O-glycosyl compounds	molecular_function	227321	direct	2	2871081|2874286	ANIA_05808|ANIA_03369
GO:0004558	alpha-1,4-glucosidase activity	molecular_function	227321	direct	1	2876716	ANIA_00941
GO:0004559	alpha-mannosidase activity	molecular_function	227321	direct	1	2874425	ANIA_02936
GO:0004588	orotate phosphoribosyltransferase activity	molecular_function	227321	direct	1	2870723	ANIA_05884
GO:0004589	dihydroorotate dehydrogenase (NAD+) activity	molecular_function	227321	direct	1	2870902	ANIA_05909
GO:0004594	pantothenate kinase activity	molecular_function	227321	direct	1	3684039	ANIA_09446
GO:0004601	peroxidase activity	molecular_function	227321	direct	1	2872828	ANIA_05028
GO:0004602	glutathione peroxidase activity	molecular_function	227321	direct	1	2871099	ANIA_06024
GO:0004630	phospholipase D activity	molecular_function	227321	direct	1	2870370	ANIA_06712
GO:0004664	prephenate dehydratase activity	molecular_function	227321	direct	1	74896803	ANIA_11135
GO:0004683	calcium/calmodulin-dependent protein kinase activity	molecular_function	227321	direct	2	2868337|2874391	ANIA_08827|ANIA_03065
GO:0004697	diacylglycerol-dependent serine/threonine kinase activity	molecular_function	227321	direct	1	2875885	ANIA_00106
GO:0004739	pyruvate dehydrogenase (acetyl-transferring) activity	molecular_function	227321	direct	3	2867942|2870361|2871454	ANIA_09403|ANIA_06708|ANIA_05162
GO:0004749	ribose phosphate diphosphokinase activity	molecular_function	227321	direct	3	2870368|2873781|2874871	ANIA_06711|ANIA_03169|ANIA_01965
GO:0004758	serine C-palmitoyltransferase activity	molecular_function	227321	direct	1	2873150	ANIA_03728
GO:0004791	thioredoxin-disulfide reductase (NADPH) activity	molecular_function	227321	direct	1	2873005	ANIA_03581
GO:0004801	transaldolase activity	molecular_function	227321	direct	1	2876017	ANIA_00240
GO:0004834	tryptophan synthase activity	molecular_function	227321	direct	1	2870792	ANIA_06231
GO:0005052	peroxisome matrix targeting signal-1 binding	molecular_function	227321	direct	1	2875363	ANIA_10215
GO:0005053	peroxisome matrix targeting signal-2 binding	molecular_function	227321	direct	1	2876657	ANIA_00880
GO:0005253	monoatomic anion channel activity	molecular_function	227321	direct	1	2874617	ANIA_02251
GO:0005313	L-glutamate transmembrane transporter activity	molecular_function	227321	direct	1	2871126	ANIA_06118
GO:0005337	nucleoside transmembrane transporter activity	molecular_function	227321	direct	1	2871784	ANIA_05493
GO:0005358	high-affinity D-glucose:proton symporter activity	molecular_function	227321	direct	2	2868317|2870454	ANIA_08737|ANIA_06669
GO:0005469	succinate:fumarate antiporter activity	molecular_function	227321	direct	1	2869761	ANIA_07287
GO:0005515	protein binding	molecular_function	227321	direct	3	2871819|2873169|74896266	ANIA_05529|ANIA_03745|ANIA_10200
GO:0005525	GTP binding	molecular_function	227321	direct	2	2872716|2873265	ANIA_04915|ANIA_03842
GO:0005576	extracellular region	cellular_component	227321	direct	99	2867777|2868002|2868126|2868187|2868298|2868322|2868429|2868486|2868587|2869164|2869201|2869259|2869456|2869756|2869775|2869819|2869854|2869886|2869906|2869961|2870018|2870054|2870144|2870171|2870224|2870321|2870333|2870369|2870544|2870699|2870745|2870819|2870823|2870825|2870827|2871006|2871011|2871280|2871323|2871421|2871718|2871768|2872149|2872202|2872238|2872302|2872374|2872375|2872593|2872605|2872984|2873136|2873227|2873338|2873378|2873459|2873478|2873480|2873506|2873938|2873974|2873978|2874019|2874105|2874217|2874322|2874407|2874508|2874671|2874797|2874955|2874976|2875177|2875271|2875343|2875356|2875592|2875771|2875792|2876017|2876064|2876072|2876230|2876457|2876458|2876532|2876544|2876554|2876621|2876713|2876925|2877051|3684040|74896166|74896339|74896476|74896600|74896749|74896764	ANIA_09388|ANIA_09130|ANIA_08977|ANIA_09054|ANIA_08908|ANIA_08735|ANIA_08808|ANIA_08605|ANIA_08664|ANIA_08218|ANIA_08054|ANIA_08086|ANIA_07511|ANIA_07598|ANIA_07349|ANIA_07102|ANIA_07391|ANIA_07181|ANIA_07121|ANIA_07269|ANIA_07214|ANIA_07087|ANIA_07193|ANIA_07298|ANIA_06535|ANIA_06563|ANIA_06795|ANIA_06717|ANIA_06621|ANIA_05872|ANIA_10734|ANIA_05904|ANIA_05944|ANIA_05939|ANIA_05942|ANIA_06273|ANIA_06048|ANIA_06382|ANIA_06423|ANIA_05130|ANIA_05441|ANIA_05482|ANIA_10548|ANIA_04402|ANIA_04443|ANIA_04501|ANIA_04575|ANIA_04577|ANIA_04794|ANIA_04809|ANIA_03565|ANIA_03712|ANIA_03804|ANIA_03918|ANIA_03959|ANIA_04041|ANIA_04055|ANIA_04064|ANIA_04087|ANIA_02790|ANIA_03211|ANIA_02835|ANIA_02954|ANIA_10351|ANIA_02648|ANIA_02999|ANIA_02710|ANIA_03091|ANIA_01813|ANIA_02387|ANIA_02012|ANIA_01502|ANIA_02574|ANIA_02112|ANIA_02237|ANIA_01638|ANIA_02334|ANIA_02119|ANIA_00012|ANIA_00240|ANIA_00285|ANIA_00297|ANIA_00458|ANIA_00688|ANIA_00687|ANIA_00759|ANIA_00768|ANIA_00776|ANIA_00843|ANIA_00932|ANIA_01152|ANIA_01274|ANIA_11233|ANIA_10040|ANIA_10326|ANIA_10563|ANIA_10784|ANIA_11046|ANIA_11070
GO:0005634	nucleus	cellular_component	227321	direct	37	2867922|2868333|2868407|2869239|2869568|2869706|2870658|2870974|2871428|2871696|2872010|2872018|2872361|2872371|2872391|2872733|2872782|2873794|2873952|2873968|2874257|2874500|2874805|2874884|2875020|2875277|2875424|2875741|2876167|2876231|2876375|2876543|2876707|2877012|2877045|2877179|74896575	ANIA_09406|ANIA_08741|ANIA_08858|ANIA_08170|ANIA_07563|ANIA_07734|ANIA_06591|ANIA_06293|ANIA_10635|ANIA_05406|ANIA_05717|ANIA_05726|ANIA_04563|ANIA_04570|ANIA_04595|ANIA_04936|ANIA_04981|ANIA_02871|ANIA_02911|ANIA_02944|ANIA_03450|ANIA_03062|ANIA_02431|ANIA_01545|ANIA_02016|ANIA_01729|ANIA_02180|ANIA_01848|ANIA_00387|ANIA_00453|ANIA_00596|ANIA_00766|ANIA_00926|ANIA_01237|ANIA_01267|ANIA_01401|ANIA_10741
GO:0005635	nuclear envelope	cellular_component	227321	direct	7	2869918|2872010|2873287|2873725|2874551|2874843|2876678	ANIA_07252|ANIA_05717|ANIA_03864|ANIA_02737|ANIA_03422|ANIA_02269|ANIA_00906
GO:0005643	nuclear pore	cellular_component	227321	direct	7	2868045|2870257|2872094|2872213|2874092|2874687|2876474	ANIA_09109|ANIA_06738|ANIA_04293|ANIA_04417|ANIA_03454|ANIA_02511|ANIA_00696
GO:0005654	nucleoplasm	cellular_component	227321	direct	4	2874687|2874954|2876474|2876591	ANIA_02511|ANIA_02439|ANIA_00696|ANIA_00814
GO:0005730	nucleolus	cellular_component	227321	direct	3	2871696|2872010|2875634	ANIA_05406|ANIA_05717|ANIA_02120
GO:0005737	cytoplasm	cellular_component	227321	direct	20	2868580|2870475|2870836|2870982|2871819|2872018|2872309|2872361|2872467|2872524|2872661|2872813|2873353|2873794|2873996|2874322|2874687|2876591|2876678|2876999	ANIA_08640|ANIA_06688|ANIA_06249|ANIA_06014|ANIA_05529|ANIA_05726|ANIA_04510|ANIA_04563|ANIA_04667|ANIA_04727|ANIA_04862|ANIA_05015|ANIA_03931|ANIA_02871|ANIA_03112|ANIA_02999|ANIA_02511|ANIA_00814|ANIA_00906|ANIA_01222
GO:0005739	mitochondrion	cellular_component	227321	direct	9	2869761|2870992|2871201|2873680|2874322|2874566|2875336|2876713|2877045	ANIA_07287|ANIA_05916|ANIA_06279|ANIA_04255|ANIA_02999|ANIA_01547|ANIA_02185|ANIA_00932|ANIA_01267
GO:0005743	mitochondrial inner membrane	cellular_component	227321	direct	1	2871635	ANIA_05356
GO:0005768	endosome	cellular_component	227321	direct	2	2867929|2872414	ANIA_09396|ANIA_04615
GO:0005769	early endosome	cellular_component	227321	direct	2	2872716|2873265	ANIA_04915|ANIA_03842
GO:0005770	late endosome	cellular_component	227321	direct	2	2872716|2873265	ANIA_04915|ANIA_03842
GO:0005773	vacuole	cellular_component	227321	direct	1	2871109	ANIA_05860
GO:0005777	peroxisome	cellular_component	227321	direct	7	2868901|2868943|2869863|2870244|2871201|2874322|2876827	ANIA_08280|ANIA_08204|ANIA_07111|ANIA_06752|ANIA_06279|ANIA_02999|ANIA_01050
GO:0005783	endoplasmic reticulum	cellular_component	227321	direct	2	2875738|74896693	ANIA_01845|ANIA_10950
GO:0005816	spindle pole body	cellular_component	227321	direct	11	2867969|2869172|2869192|2871071|2872213|2872395|2873776|2874026|2874047|2875585|2876782	ANIA_11166|ANIA_08120|ANIA_08244|ANIA_05873|ANIA_04417|ANIA_04596|ANIA_02773|ANIA_02965|ANIA_03213|ANIA_02176|ANIA_01005
GO:0005819	spindle	cellular_component	227321	direct	1	2874038	ANIA_02886
GO:0005826	actomyosin contractile ring	cellular_component	227321	direct	1	2871980	ANIA_05686
GO:0005829	cytosol	cellular_component	227321	direct	14	2868083|2869545|2869650|2870889|2871084|2871260|2871819|2872259|2872607|2872688|2876477|2876713|2876981|74896575	ANIA_09090|ANIA_07451|ANIA_07711|ANIA_05982|ANIA_05815|ANIA_06363|ANIA_05529|ANIA_04462|ANIA_10595|ANIA_04887|ANIA_00699|ANIA_00932|ANIA_01202|ANIA_10741
GO:0005868	cytoplasmic dynein complex	cellular_component	227321	direct	1	2875353	ANIA_01953
GO:0005869	dynactin complex	cellular_component	227321	direct	1	2872820	ANIA_05022
GO:0005886	plasma membrane	cellular_component	227321	direct	7	2868324|2870982|2871109|2871126|2872817|2874617|2876238	ANIA_08769|ANIA_06014|ANIA_05860|ANIA_06118|ANIA_05020|ANIA_02251|ANIA_00462
GO:0005938	cell cortex	cellular_component	227321	direct	3	2870049|2872414|2873353	ANIA_07077|ANIA_04615|ANIA_03931
GO:0005982	starch metabolic process	biological_process	227321	direct	6	2868278|2874098|2874438|2875019|2875020|74896395	ANIA_08953|ANIA_03402|ANIA_03388|ANIA_02017|ANIA_02016|ANIA_10420
GO:0006012	galactose metabolic process	biological_process	227321	direct	2	2872524|2873996	ANIA_04727|ANIA_03112
GO:0006046	N-acetylglucosamine catabolic process	biological_process	227321	direct	1	2874976	ANIA_01502
GO:0006068	ethanol catabolic process	biological_process	227321	direct	2	2868231|2868698	ANIA_08980|ANIA_08390
GO:0006071	glycerol metabolic process	biological_process	227321	direct	2	2871848|2871880	ANIA_05563|ANIA_05589
GO:0006075	(1->3)-beta-D-glucan biosynthetic process	biological_process	227321	direct	1	2873152	ANIA_03729
GO:0006090	pyruvate metabolic process	biological_process	227321	direct	1	2867942	ANIA_09403
GO:0006096	glycolytic process	biological_process	227321	direct	1	2876981	ANIA_01202
GO:0006098	pentose-phosphate shunt	biological_process	227321	direct	1	2876017	ANIA_00240
GO:0006099	tricarboxylic acid cycle	biological_process	227321	direct	2	2874699|2874950	ANIA_02435|ANIA_02436
GO:0006109	regulation of carbohydrate metabolic process	biological_process	227321	direct	2	2870240|2873455	ANIA_06492|ANIA_04034
GO:0006144	purine nucleobase metabolic process	biological_process	227321	direct	1	2873049	ANIA_03626
GO:0006145	purine nucleobase catabolic process	biological_process	227321	direct	1	2872401	ANIA_04603
GO:0006207	'de novo' pyrimidine nucleobase biosynthetic process	biological_process	227321	direct	3	2870723|2870902|2876739	ANIA_05884|ANIA_05909|ANIA_10131
GO:0006221	pyrimidine nucleotide biosynthetic process	biological_process	227321	direct	1	2876739	ANIA_10131
GO:0006260	DNA replication	biological_process	227321	direct	1	2874759	ANIA_01779
GO:0006265	DNA topological change	biological_process	227321	direct	1	2876031	ANIA_00253
GO:0006281	DNA repair	biological_process	227321	direct	5	2870168|2870172|2871428|2871453|2877012	ANIA_06975|ANIA_07296|ANIA_10635|ANIA_05165|ANIA_01237
GO:0006312	mitotic recombination	biological_process	227321	direct	2	2870168|2877012	ANIA_06975|ANIA_01237
GO:0006338	chromatin remodeling	biological_process	227321	direct	1	2875277	ANIA_01729
GO:0006351	DNA-templated transcription	biological_process	227321	direct	3	2870240|2873455|2875741	ANIA_06492|ANIA_04034|ANIA_01848
GO:0006355	regulation of DNA-templated transcription	biological_process	227321	direct	3	2871508|2873455|2875020	ANIA_05218|ANIA_04034|ANIA_02016
GO:0006366	transcription by RNA polymerase II	biological_process	227321	direct	2	2872158|2874769	ANIA_04361|ANIA_02270
GO:0006402	mRNA catabolic process	biological_process	227321	direct	1	2871984	ANIA_05694
GO:0006493	protein O-linked glycosylation	biological_process	227321	direct	1	2875312	ANIA_01459
GO:0006506	GPI anchor biosynthetic process	biological_process	227321	direct	1	2869167	ANIA_08070
GO:0006525	arginine metabolic process	biological_process	227321	direct	1	2874477	ANIA_02914
GO:0006527	arginine catabolic process	biological_process	227321	direct	1	2868083	ANIA_09090
GO:0006550	isoleucine catabolic process	biological_process	227321	direct	1	2870992	ANIA_05916
GO:0006552	L-leucine catabolic process	biological_process	227321	direct	3	2871564|2872485|2872488	ANIA_05273|ANIA_04687|ANIA_04690
GO:0006553	lysine metabolic process	biological_process	227321	direct	1	2871497	ANIA_05206
GO:0006555	methionine metabolic process	biological_process	227321	direct	1	2876999	ANIA_01222
GO:0006574	valine catabolic process	biological_process	227321	direct	1	2870992	ANIA_05916
GO:0006623	protein targeting to vacuole	biological_process	227321	direct	1	2873265	ANIA_03842
GO:0006625	protein targeting to peroxisome	biological_process	227321	direct	3	2874411|2874712|2876657	ANIA_02925|ANIA_01511|ANIA_00880
GO:0006631	fatty acid metabolic process	biological_process	227321	direct	9	2868901|2870915|2873475|2874411|2874712|2875094|2875363|2876033|2876657	ANIA_08280|ANIA_05991|ANIA_04056|ANIA_02925|ANIA_01511|ANIA_01921|ANIA_10215|ANIA_00257|ANIA_00880
GO:0006633	fatty acid biosynthetic process	biological_process	227321	direct	3	2867864|2867918|2876817	ANIA_09408|ANIA_09407|ANIA_01037
GO:0006635	fatty acid beta-oxidation	biological_process	227321	direct	1	2870244	ANIA_06752
GO:0006636	unsaturated fatty acid biosynthetic process	biological_process	227321	direct	2	2870347|2873558	ANIA_06731|ANIA_04135
GO:0006644	phospholipid metabolic process	biological_process	227321	direct	1	2870370	ANIA_06712
GO:0006730	one-carbon metabolic process	biological_process	227321	direct	2	2869045|2870768	ANIA_08215|ANIA_05883
GO:0006750	glutathione biosynthetic process	biological_process	227321	direct	1	2876713	ANIA_00932
GO:0006777	Mo-molybdopterin cofactor biosynthetic process	biological_process	227321	direct	1	2873193	ANIA_03778
GO:0006801	superoxide metabolic process	biological_process	227321	direct	1	2871747	ANIA_05457
GO:0006820	monoatomic anion transport	biological_process	227321	direct	1	2874617	ANIA_02251
GO:0006847	plasma membrane acetate transport	biological_process	227321	direct	1	2874678	ANIA_01839
GO:0006865	amino acid transport	biological_process	227321	direct	1	2875738	ANIA_01845
GO:0006874	intracellular calcium ion homeostasis	biological_process	227321	direct	5	2868371|2871819|2872721|2874155|2876967	ANIA_08830|ANIA_05529|ANIA_04920|ANIA_02919|ANIA_01189
GO:0006878	intracellular copper ion homeostasis	biological_process	227321	direct	1	2870779	ANIA_06107
GO:0006879	intracellular iron ion homeostasis	biological_process	227321	direct	2	2868984|2869398	ANIA_08251|ANIA_07662
GO:0006888	endoplasmic reticulum to Golgi vesicle-mediated transport	biological_process	227321	direct	1	2875738	ANIA_01845
GO:0006897	endocytosis	biological_process	227321	direct	2	2872817|2873265	ANIA_05020|ANIA_03842
GO:0006973	intracellular accumulation of glycerol	biological_process	227321	direct	1	2871848	ANIA_05563
GO:0006974	DNA damage response	biological_process	227321	direct	7	2869568|2870168|2871428|2871453|2871783|2873701|2876375	ANIA_07563|ANIA_06975|ANIA_10635|ANIA_05165|ANIA_05494|ANIA_04279|ANIA_00596
GO:0007015	actin filament organization	biological_process	227321	direct	1	2870951	ANIA_05803
GO:0007030	Golgi organization	biological_process	227321	direct	2	2873700|3684125	ANIA_04281|ANIA_09526
GO:0007033	vacuole organization	biological_process	227321	direct	3	2869222|2870118|2870343	ANIA_08023|ANIA_07030|ANIA_10849
GO:0007059	chromosome segregation	biological_process	227321	direct	2	2871428|2874038	ANIA_10635|ANIA_02886
GO:0007076	mitotic chromosome condensation	biological_process	227321	direct	1	2870708	ANIA_05899
GO:0007097	nuclear migration	biological_process	227321	direct	4	2872712|2873010|2874500|2875353	ANIA_04917|ANIA_03589|ANIA_03062|ANIA_01953
GO:0007163	establishment or maintenance of cell polarity	biological_process	227321	direct	7	2869473|2870227|2871189|2871398|2871819|2871958|74896642	ANIA_07487|ANIA_06533|ANIA_06037|ANIA_05105|ANIA_05529|ANIA_05666|ANIA_10853
GO:0007264	small GTPase-mediated signal transduction	biological_process	227321	direct	1	2873265	ANIA_03842
GO:0007346	regulation of mitotic cell cycle	biological_process	227321	direct	1	2870877	ANIA_06145
GO:0008104	protein localization	biological_process	227321	direct	1	2871509	ANIA_05217
GO:0008131	primary methylamine oxidase activity	molecular_function	227321	direct	1	2870921	ANIA_06092
GO:0008295	spermidine biosynthetic process	biological_process	227321	direct	1	2876458	ANIA_00687
GO:0008410	CoA-transferase activity	molecular_function	227321	direct	1	2874566	ANIA_01547
GO:0008509	monoatomic anion transmembrane transporter activity	molecular_function	227321	direct	1	2874617	ANIA_02251
GO:0008519	ammonium channel activity	molecular_function	227321	direct	2	2869748|2876957	ANIA_07463|ANIA_01181
GO:0008643	carbohydrate transport	biological_process	227321	direct	1	2873995	ANIA_03113
GO:0008705	methionine synthase activity	molecular_function	227321	direct	1	2872238	ANIA_04443
GO:0008775	acetate CoA-transferase activity	molecular_function	227321	direct	1	2874566	ANIA_01547
GO:0009039	urease activity	molecular_function	227321	direct	2	2876005|2876209	ANIA_00232|ANIA_10079
GO:0009062	fatty acid catabolic process	biological_process	227321	direct	2	2869761|2871201	ANIA_07287|ANIA_06279
GO:0009064	glutamine family amino acid metabolic process	biological_process	227321	direct	1	2871430	ANIA_05134
GO:0009073	aromatic amino acid family biosynthetic process	biological_process	227321	direct	1	2874766	ANIA_01899
GO:0009082	branched-chain amino acid biosynthetic process	biological_process	227321	direct	2	2872229|2872754	ANIA_04430|ANIA_04956
GO:0009086	methionine biosynthetic process	biological_process	227321	direct	4	2869045|2870768|2872238|2875483	ANIA_08215|ANIA_05883|ANIA_04443|ANIA_01446
GO:0009094	L-phenylalanine biosynthetic process	biological_process	227321	direct	1	74896803	ANIA_11135
GO:0009098	L-leucine biosynthetic process	biological_process	227321	direct	1	2870766	ANIA_05886
GO:0009166	nucleotide catabolic process	biological_process	227321	direct	1	2876981	ANIA_01202
GO:0009228	thiamine biosynthetic process	biological_process	227321	direct	1	2871177	ANIA_10762
GO:0009251	glucan catabolic process	biological_process	227321	direct	1	2873194	ANIA_03774
GO:0009267	cellular response to starvation	biological_process	227321	direct	2	2873680|2875424	ANIA_04255|ANIA_02180
GO:0009272	fungal-type cell wall biogenesis	biological_process	227321	direct	1	2873996	ANIA_03112
GO:0009277	fungal-type cell wall	cellular_component	227321	direct	2	2871949|2873996	ANIA_05660|ANIA_03112
GO:0009416	response to light stimulus	biological_process	227321	direct	1	2873176	ANIA_10456
GO:0009826	unidimensional cell growth	biological_process	227321	direct	3	2868367|2875885|2876944	ANIA_08842|ANIA_00106|ANIA_01168
GO:0009847	spore germination	biological_process	227321	direct	5	2868348|2870118|2871958|2872302|2874237	ANIA_08800|ANIA_07030|ANIA_05666|ANIA_04501|ANIA_10353
GO:0009898	cytoplasmic side of plasma membrane	cellular_component	227321	direct	1	2871509	ANIA_05217
GO:0009932	cell tip growth	biological_process	227321	direct	1	2870964	ANIA_06317
GO:0009986	cell surface	cellular_component	227321	direct	1	2870123	ANIA_07041
GO:0010106	cellular response to iron ion starvation	biological_process	227321	direct	2	2871868|2876383	ANIA_05577|ANIA_00607
GO:0010913	regulation of sterigmatocystin biosynthetic process	biological_process	227321	direct	3	2869011|2872371|2872828	ANIA_08042|ANIA_04570|ANIA_05028
GO:0010914	positive regulation of sterigmatocystin biosynthetic process	biological_process	227321	direct	3	2868333|2870283|2872357	ANIA_08741|ANIA_06505|ANIA_04562
GO:0010972	negative regulation of G2/M transition of mitotic cell cycle	biological_process	227321	direct	1	2870945	ANIA_05822
GO:0015112	nitrate transmembrane transporter activity	molecular_function	227321	direct	1	2876177	ANIA_00399
GO:0015116	sulfate transmembrane transporter activity	molecular_function	227321	direct	1	2873886	ANIA_02730
GO:0015123	acetate transmembrane transporter activity	molecular_function	227321	direct	1	2874678	ANIA_01839
GO:0015183	L-aspartate transmembrane transporter activity	molecular_function	227321	direct	1	2871126	ANIA_06118
GO:0015204	urea transmembrane transporter activity	molecular_function	227321	direct	1	2876193	ANIA_00418
GO:0015226	carnitine transmembrane transporter activity	molecular_function	227321	direct	1	2871635	ANIA_05356
GO:0015385	sodium:proton antiporter activity	molecular_function	227321	direct	1	2870141	ANIA_07250
GO:0015513	high-affinity secondary active nitrite transmembrane transporter activity	molecular_function	227321	direct	2	2868583|2876177	ANIA_08647|ANIA_00399
GO:0015578	mannose transmembrane transporter activity	molecular_function	227321	direct	1	2871109	ANIA_05860
GO:0015706	nitrate transmembrane transport	biological_process	227321	direct	1	2876177	ANIA_00399
GO:0015707	nitrite transport	biological_process	227321	direct	2	2868583|2876177	ANIA_08647|ANIA_00399
GO:0015810	aspartate transmembrane transport	biological_process	227321	direct	1	2873793	ANIA_02875
GO:0015812	gamma-aminobutyric acid transport	biological_process	227321	direct	1	2874027	ANIA_02962
GO:0015813	L-glutamate transmembrane transport	biological_process	227321	direct	1	2871126	ANIA_06118
GO:0015840	urea transport	biological_process	227321	direct	1	2876193	ANIA_00418
GO:0015858	nucleoside transport	biological_process	227321	direct	1	2871784	ANIA_05493
GO:0015862	uridine transmembrane transport	biological_process	227321	direct	1	2871784	ANIA_05493
GO:0015879	carnitine transport	biological_process	227321	direct	1	2871635	ANIA_05356
GO:0015976	carbon utilization	biological_process	227321	direct	8	2869761|2870974|2871201|2871454|2871635|2871895|2872259|2876465	ANIA_07287|ANIA_06293|ANIA_06279|ANIA_05162|ANIA_05356|ANIA_05604|ANIA_04462|ANIA_00689
GO:0016020	membrane	cellular_component	227321	direct	2	2871949|2873152	ANIA_05660|ANIA_03729
GO:0016040	glutamate synthase (NADH) activity	molecular_function	227321	direct	1	2871430	ANIA_05134
GO:0016052	carbohydrate catabolic process	biological_process	227321	direct	3	2869775|2871367|2876716	ANIA_07349|ANIA_06470|ANIA_00941
GO:0016231	beta-N-acetylglucosaminidase activity	molecular_function	227321	direct	1	2874976	ANIA_01502
GO:0016485	protein processing	biological_process	227321	direct	1	2873006	ANIA_03583
GO:0016567	protein ubiquitination	biological_process	227321	direct	1	2875835	ANIA_00056
GO:0016602	CCAAT-binding factor complex	cellular_component	227321	direct	2	2870240|2873455	ANIA_06492|ANIA_04034
GO:0016757	glycosyltransferase activity	molecular_function	227321	direct	1	2868278	ANIA_08953
GO:0016787	hydrolase activity	molecular_function	227321	direct	1	2876981	ANIA_01202
GO:0016788	hydrolase activity, acting on ester bonds	molecular_function	227321	direct	1	2874566	ANIA_01547
GO:0016925	protein sumoylation	biological_process	227321	direct	3	2870234|2872200|2875659	ANIA_10822|ANIA_04399|ANIA_02450
GO:0016926	protein desumoylation	biological_process	227321	direct	1	2874371	ANIA_02689
GO:0016929	deSUMOylase activity	molecular_function	227321	direct	1	2874371	ANIA_02689
GO:0016937	short-chain fatty acyl-CoA dehydrogenase activity	molecular_function	227321	direct	1	2876600	ANIA_00824
GO:0017148	negative regulation of translation	biological_process	227321	direct	1	2876753	ANIA_00974
GO:0018057	peptidyl-lysine oxidation	biological_process	227321	direct	1	2870921	ANIA_06092
GO:0018149	peptide cross-linking	biological_process	227321	direct	1	2870921	ANIA_06092
GO:0019005	SCF ubiquitin ligase complex	cellular_component	227321	direct	1	2872309	ANIA_04510
GO:0019184	nonribosomal peptide biosynthetic process	biological_process	227321	direct	1	2876383	ANIA_00607
GO:0019343	cysteine biosynthetic process via cystathionine	biological_process	227321	direct	1	2875483	ANIA_01446
GO:0019346	transsulfuration	biological_process	227321	direct	1	2875483	ANIA_01446
GO:0019388	galactose catabolic process	biological_process	227321	direct	2	2872758|74896470	ANIA_04957|ANIA_10550
GO:0019402	galactitol metabolic process	biological_process	227321	direct	1	2876721	ANIA_00942
GO:0019626	short-chain fatty acid catabolic process	biological_process	227321	direct	4	2870193|2870992|2875145|2877078	ANIA_07050|ANIA_05916|ANIA_01425|ANIA_01303
GO:0019676	ammonia assimilation cycle	biological_process	227321	direct	1	2869545	ANIA_07451
GO:0019679	propionate metabolic process, methylcitrate cycle	biological_process	227321	direct	1	2874566	ANIA_01547
GO:0019740	nitrogen utilization	biological_process	227321	direct	3	2869748|2873968|2876957	ANIA_07463|ANIA_02944|ANIA_01181
GO:0019748	secondary metabolic process	biological_process	227321	direct	6	2875066|2875068|2875070|2876300|2876301|2876303	ANIA_02038|ANIA_02040|ANIA_02039|ANIA_00524|ANIA_00526|ANIA_00525
GO:0019784	deNEDDylase activity	molecular_function	227321	direct	1	2873176	ANIA_10456
GO:0019789	SUMO transferase activity	molecular_function	227321	direct	2	2870234|2872200	ANIA_10822|ANIA_04399
GO:0019948	SUMO activating enzyme activity	molecular_function	227321	direct	1	2875659	ANIA_02450
GO:0019953	sexual reproduction	biological_process	227321	direct	1	2875860	ANIA_00082
GO:0030007	intracellular potassium ion homeostasis	biological_process	227321	direct	1	2871873	ANIA_05583
GO:0030010	establishment of cell polarity	biological_process	227321	direct	7	2869201|2870883|2872788|2873150|2874500|2875127|2876765	ANIA_08054|ANIA_05973|ANIA_04991|ANIA_03728|ANIA_03062|ANIA_01757|ANIA_00988
GO:0030148	sphingolipid biosynthetic process	biological_process	227321	direct	3	2872788|2873150|2876419	ANIA_04991|ANIA_03728|ANIA_00640
GO:0030162	regulation of proteolysis	biological_process	227321	direct	2	2873680|2875424	ANIA_04255|ANIA_02180
GO:0030245	cellulose catabolic process	biological_process	227321	direct	2	2871081|2874286	ANIA_05808|ANIA_03369
GO:0030286	dynein complex	cellular_component	227321	direct	1	2877103	ANIA_01333
GO:0030427	site of polarized growth	cellular_component	227321	direct	1	2875885	ANIA_00106
GO:0030428	cell septum	cellular_component	227321	direct	8	2870049|2870964|2871071|2872277|2872498|2872607|2875625|2875885	ANIA_07077|ANIA_06317|ANIA_05873|ANIA_04484|ANIA_04698|ANIA_10595|ANIA_01948|ANIA_00106
GO:0030436	asexual sporulation	biological_process	227321	direct	1	2876231	ANIA_00453
GO:0030437	ascospore formation	biological_process	227321	direct	4	2872357|2875741|2876419|2877045	ANIA_04562|ANIA_01848|ANIA_00640|ANIA_01267
GO:0030448	hyphal growth	biological_process	227321	direct	15	2868392|2868934|2870049|2870227|2870475|2870964|2871189|2871398|2872371|2872467|2873996|2875312|2876419|74896522|74896642	ANIA_08862|ANIA_08021|ANIA_07077|ANIA_06533|ANIA_06688|ANIA_06317|ANIA_06037|ANIA_05105|ANIA_04570|ANIA_04667|ANIA_03112|ANIA_01459|ANIA_00640|ANIA_10647|ANIA_10853
GO:0030473	nuclear migration along microtubule	biological_process	227321	direct	2	2872462|2875353	ANIA_04664|ANIA_01953
GO:0030643	intracellular phosphate ion homeostasis	biological_process	227321	direct	2	2869090|2871446	ANIA_08271|ANIA_05156
GO:0030687	preribosome, large subunit precursor	cellular_component	227321	direct	2	2873169|74896266	ANIA_03745|ANIA_10200
GO:0031028	septation initiation signaling	biological_process	227321	direct	1	2874884	ANIA_01545
GO:0031047	regulatory ncRNA-mediated gene silencing	biological_process	227321	direct	1	2874578	ANIA_01519
GO:0031087	deadenylation-independent decapping of nuclear-transcribed mRNA	biological_process	227321	direct	2	2870602|2871984	ANIA_06893|ANIA_05694
GO:0031124	mRNA 3'-end processing	biological_process	227321	direct	1	2871984	ANIA_05694
GO:0031160	spore wall	cellular_component	227321	direct	1	2869452	ANIA_07735
GO:0031171	ferricrocin biosynthetic process	biological_process	227321	direct	1	2876383	ANIA_00607
GO:0031408	oxylipin biosynthetic process	biological_process	227321	direct	1	2872828	ANIA_05028
GO:0031505	fungal-type cell wall organization	biological_process	227321	direct	9	2868367|2869699|2870964|2871398|2873995|2875312|2875885|2876944|2876967	ANIA_08842|ANIA_07464|ANIA_06317|ANIA_05105|ANIA_03113|ANIA_01459|ANIA_00106|ANIA_01168|ANIA_01189
GO:0031521	spitzenkorper	cellular_component	227321	direct	3	2868392|2871129|2873700	ANIA_08862|ANIA_06112|ANIA_04281
GO:0031562	hyphal tip polarisome	cellular_component	227321	direct	1	2870118	ANIA_07030
GO:0031573	mitotic intra-S DNA damage checkpoint signaling	biological_process	227321	direct	1	2870870	ANIA_06044
GO:0031669	cellular response to nutrient levels	biological_process	227321	direct	1	2869330	ANIA_08262
GO:0031929	TOR signaling	biological_process	227321	direct	2	2870889|2870938	ANIA_05982|ANIA_05814
GO:0031985	Golgi cisterna	cellular_component	227321	direct	2	2870906|2873700	ANIA_05915|ANIA_04281
GO:0031991	regulation of actomyosin contractile ring contraction	biological_process	227321	direct	1	2875891	ANIA_00113
GO:0032126	eisosome	cellular_component	227321	direct	2	2869429|2871509	ANIA_07683|ANIA_05217
GO:0032168	hyphal septin ring	cellular_component	227321	direct	3	2870475|2871120|2872506	ANIA_06688|ANIA_06150|ANIA_04706
GO:0032324	molybdopterin cofactor biosynthetic process	biological_process	227321	direct	1	2876722	ANIA_00947
GO:0032511	late endosome to vacuole transport via multivesicular body sorting pathway	biological_process	227321	direct	1	2867929	ANIA_09396
GO:0033246	positive regulation of penicillin metabolic process	biological_process	227321	direct	2	2868333|2875885	ANIA_08741|ANIA_00106
GO:0033539	fatty acid beta-oxidation using acyl-CoA dehydrogenase	biological_process	227321	direct	1	2876600	ANIA_00824
GO:0033962	P-body assembly	biological_process	227321	direct	1	2870602	ANIA_06893
GO:0034198	cellular response to amino acid starvation	biological_process	227321	direct	2	2873584|2874676	ANIA_04163|ANIA_01812
GO:0034219	carbohydrate transmembrane transport	biological_process	227321	direct	1	2871109	ANIA_05860
GO:0034251	regulation of amide catabolic process	biological_process	227321	direct	1	2874769	ANIA_02270
GO:0034307	regulation of ascospore formation	biological_process	227321	direct	1	2876765	ANIA_00988
GO:0034337	RNA folding	biological_process	227321	direct	1	12799274	ANID_20006
GO:0034399	nuclear periphery	cellular_component	227321	direct	7	2872299|2872391|2872395|2873776|2874374|2874805|2877155	ANIA_04499|ANIA_04595|ANIA_04596|ANIA_02773|ANIA_02692|ANIA_02431|ANIA_01379
GO:0034599	cellular response to oxidative stress	biological_process	227321	direct	10	2869011|2871099|2872313|2872848|2873005|2873952|2874007|2874843|2876383|2876713	ANIA_08042|ANIA_06024|ANIA_10562|ANIA_05046|ANIA_03581|ANIA_02911|ANIA_02846|ANIA_02269|ANIA_00607|ANIA_00932
GO:0034605	cellular response to heat	biological_process	227321	direct	2	2871613|2873952	ANIA_05324|ANIA_02911
GO:0034644	cellular response to UV	biological_process	227321	direct	1	2870168	ANIA_06975
GO:0034757	negative regulation of iron ion transport	biological_process	227321	direct	1	2868984	ANIA_08251
GO:0035269	protein O-linked mannosylation	biological_process	227321	direct	1	2871398	ANIA_05105
GO:0035556	intracellular signal transduction	biological_process	227321	direct	1	2871958	ANIA_05666
GO:0035865	cellular response to potassium ion	biological_process	227321	direct	1	2874155	ANIA_02919
GO:0036184	asperthecin biosynthetic process	biological_process	227321	direct	1	2872357	ANIA_04562
GO:0040029	epigenetic regulation of gene expression	biological_process	227321	direct	1	2876835	ANIA_01060
GO:0042219	modified amino acid catabolic process	biological_process	227321	direct	1	2869037	ANIA_08123
GO:0042255	ribosome assembly	biological_process	227321	direct	2	2873169|74896266	ANIA_03745|ANIA_10200
GO:0042316	penicillin metabolic process	biological_process	227321	direct	1	2869011	ANIA_08042
GO:0042318	penicillin biosynthetic process	biological_process	227321	direct	5	2870305|2874468|2875363|2875885|2876981	ANIA_06775|ANIA_03034|ANIA_10215|ANIA_00106|ANIA_01202
GO:0042758	long-chain fatty acid catabolic process	biological_process	227321	direct	2	2870193|2870244	ANIA_07050|ANIA_06752
GO:0042760	very long-chain fatty acid catabolic process	biological_process	227321	direct	1	2869863	ANIA_07111
GO:0042867	pyruvate catabolic process	biological_process	227321	direct	2	2870361|2871454	ANIA_06708|ANIA_05162
GO:0043015	gamma-tubulin binding	molecular_function	227321	direct	4	2869172|2871071|2875585|2876782	ANIA_08120|ANIA_05873|ANIA_02176|ANIA_01005
GO:0043161	proteasome-mediated ubiquitin-dependent protein catabolic process	biological_process	227321	direct	1	2873358	ANIA_03932
GO:0043324	pigment metabolic process involved in developmental pigmentation	biological_process	227321	direct	1	2873047	ANIA_03624
GO:0043419	urea catabolic process	biological_process	227321	direct	2	2876005|2876209	ANIA_00232|ANIA_10079
GO:0043455	regulation of secondary metabolic process	biological_process	227321	direct	1	2872357	ANIA_04562
GO:0043489	RNA stabilization	biological_process	227321	direct	1	2870476	ANIA_06695
GO:0043565	sequence-specific DNA binding	molecular_function	227321	direct	7	2870240|2872018|2872357|2872698|2873455|2874155|2875020	ANIA_06492|ANIA_05726|ANIA_04562|ANIA_04900|ANIA_04034|ANIA_02919|ANIA_02016
GO:0043605	amide catabolic process	biological_process	227321	direct	2	2873381|74896693	ANIA_03957|ANIA_10950
GO:0043609	regulation of carbon utilization	biological_process	227321	direct	1	74896470	ANIA_10550
GO:0043639	benzoate catabolic process	biological_process	227321	direct	1	74896693	ANIA_10950
GO:0043708	cell adhesion involved in biofilm formation	biological_process	227321	direct	1	2870123	ANIA_07041
GO:0043935	sexual sporulation resulting in formation of a cellular spore	biological_process	227321	direct	8	2870079|2870172|2872371|2872828|2874068|2874155|2876999|2877138	ANIA_07169|ANIA_07296|ANIA_04570|ANIA_05028|ANIA_03387|ANIA_02919|ANIA_01222|ANIA_01359
GO:0043936	asexual sporulation resulting in formation of a cellular spore	biological_process	227321	direct	14	2868380|2868934|2870347|2871949|2872371|2872506|2872828|2872848|2873176|2873995|2874155|2875860|2876817|2877045	ANIA_08853|ANIA_08021|ANIA_06731|ANIA_05660|ANIA_04570|ANIA_04706|ANIA_05028|ANIA_05046|ANIA_10456|ANIA_03113|ANIA_02919|ANIA_00082|ANIA_01037|ANIA_01267
GO:0043941	positive regulation of sexual sporulation resulting in formation of a cellular spore	biological_process	227321	direct	2	2870283|2872828	ANIA_06505|ANIA_05028
GO:0043942	negative regulation of sexual sporulation resulting in formation of a cellular spore	biological_process	227321	direct	6	2869330|2870079|2870245|2870646|2874068|2877138	ANIA_08262|ANIA_07169|ANIA_06749|ANIA_06578|ANIA_03387|ANIA_01359
GO:0043944	negative regulation of asexual sporulation resulting in formation of a cellular spore	biological_process	227321	direct	2	2872828|2875860	ANIA_05028|ANIA_00082
GO:0043945	positive regulation of asexual sporulation resulting in formation of a cellular spore	biological_process	227321	direct	2	2870646|2874884	ANIA_06578|ANIA_01545
GO:0044020	histone H4R3 methyltransferase activity	molecular_function	227321	direct	3	2874077|2875911|74896456	ANIA_03096|ANIA_00134|ANIA_10526
GO:0044088	regulation of vacuole organization	biological_process	227321	direct	1	2873265	ANIA_03842
GO:0044182	filamentous growth of a population of unicellular organisms	biological_process	227321	direct	1	2870123	ANIA_07041
GO:0044732	mitotic spindle pole body	cellular_component	227321	direct	2	2872361|2874414	ANIA_04563|ANIA_02927
GO:0045116	protein neddylation	biological_process	227321	direct	1	2871073	ANIA_06179
GO:0045140	inositol phosphoceramide synthase activity	molecular_function	227321	direct	1	2872788	ANIA_04991
GO:0045254	pyruvate dehydrogenase complex	cellular_component	227321	direct	3	2867942|2870361|2871454	ANIA_09403|ANIA_06708|ANIA_05162
GO:0045460	sterigmatocystin metabolic process	biological_process	227321	direct	2	2869011|2872828	ANIA_08042|ANIA_05028
GO:0045461	sterigmatocystin biosynthetic process	biological_process	227321	direct	8	2870079|2870283|2871613|2872357|2872938|2874155|2875860|2876981	ANIA_07169|ANIA_06505|ANIA_05324|ANIA_04562|ANIA_03522|ANIA_02919|ANIA_00082|ANIA_01202
GO:0045490	pectin catabolic process	biological_process	227321	direct	1	74896312	ANIA_10277
GO:0045722	positive regulation of gluconeogenesis	biological_process	227321	direct	1	2870974	ANIA_06293
GO:0045733	acetate catabolic process	biological_process	227321	direct	4	2869761|2871201|2871635|2876465	ANIA_07287|ANIA_06279|ANIA_05356|ANIA_00689
GO:0045814	negative regulation of gene expression, epigenetic	biological_process	227321	direct	3	2875579|2876946|74896590	ANIA_01905|ANIA_01170|ANIA_10763
GO:0045840	positive regulation of mitotic nuclear division	biological_process	227321	direct	1	2876584	ANIA_00808
GO:0045848	positive regulation of nitrogen utilization	biological_process	227321	direct	1	2873968	ANIA_02944
GO:0045892	negative regulation of DNA-templated transcription	biological_process	227321	direct	2	2870240|2873455	ANIA_06492|ANIA_04034
GO:0045944	positive regulation of transcription by RNA polymerase II	biological_process	227321	direct	8	2870193|2872309|2873968|2874111|2875145|2875978|2876465|2877078	ANIA_07050|ANIA_04510|ANIA_02944|ANIA_03154|ANIA_01425|ANIA_00202|ANIA_00689|ANIA_01303
GO:0046513	ceramide biosynthetic process	biological_process	227321	direct	2	2872132|2875415	ANIA_04332|ANIA_02464
GO:0046557	glucan endo-1,6-beta-glucosidase activity	molecular_function	227321	direct	1	2873194	ANIA_03774
GO:0046575	rhamnogalacturonan acetylesterase activity	molecular_function	227321	direct	1	74896312	ANIA_10277
GO:0046942	carboxylic acid transport	biological_process	227321	direct	1	2870363	ANIA_06703
GO:0046943	carboxylic acid transmembrane transporter activity	molecular_function	227321	direct	1	2870363	ANIA_06703
GO:0047952	glycerol-3-phosphate dehydrogenase [NAD(P)+] activity	molecular_function	227321	direct	1	2876124	ANIA_00351
GO:0048255	mRNA stabilization	biological_process	227321	direct	1	2870476	ANIA_06695
GO:0048315	conidium formation	biological_process	227321	direct	8	2868367|2869126|2869181|2870964|2871189|2871428|2871446|2876944	ANIA_08842|ANIA_08261|ANIA_08129|ANIA_06317|ANIA_06037|ANIA_10635|ANIA_05156|ANIA_01168
GO:0048471	perinuclear region of cytoplasm	cellular_component	227321	direct	1	2872414	ANIA_04615
GO:0050291	sphingosine N-acyltransferase activity	molecular_function	227321	direct	2	2872132|2875415	ANIA_04332|ANIA_02464
GO:0050464	nitrate reductase (NADPH) activity	molecular_function	227321	direct	2	2873193|2876722	ANIA_03778|ANIA_00947
GO:0050660	flavin adenine dinucleotide binding	molecular_function	227321	direct	1	2876713	ANIA_00932
GO:0051118	glucan endo-1,3-alpha-glucosidase activity	molecular_function	227321	direct	1	2869775	ANIA_07349
GO:0051211	anisotropic cell growth	biological_process	227321	direct	4	2870951|2871189|2872817|2873794	ANIA_05803|ANIA_06037|ANIA_05020|ANIA_02871
GO:0051213	dioxygenase activity	molecular_function	227321	direct	1	2872828	ANIA_05028
GO:0051233	spindle midzone	cellular_component	227321	direct	1	2874038	ANIA_02886
GO:0051286	cell tip	cellular_component	227321	direct	1	2876133	ANIA_10061
GO:0051293	establishment of spindle localization	biological_process	227321	direct	1	2874636	ANIA_02101
GO:0051417	microtubule nucleation by spindle pole body	biological_process	227321	direct	1	2874500	ANIA_03062
GO:0051783	regulation of nuclear division	biological_process	227321	direct	3	2868337|2874391|2876435	ANIA_08827|ANIA_03065|ANIA_00664
GO:0051864	histone H3K36 demethylase activity	molecular_function	227321	direct	1	2876835	ANIA_01060
GO:0052716	hydroquinone:oxygen oxidoreductase activity	molecular_function	227321	direct	4	2867946|2871690|2876654|2876668	ANIA_09170|ANIA_05397|ANIA_00878|ANIA_00901
GO:0055056	D-glucose transmembrane transporter activity	molecular_function	227321	direct	1	2871109	ANIA_05860
GO:0055080	monoatomic cation homeostasis	biological_process	227321	direct	1	2874155	ANIA_02919
GO:0055085	transmembrane transport	biological_process	227321	direct	1	2873886	ANIA_02730
GO:0060213	positive regulation of nuclear-transcribed mRNA poly(A) tail shortening	biological_process	227321	direct	1	2868083	ANIA_09090
GO:0070301	cellular response to hydrogen peroxide	biological_process	227321	direct	1	2871613	ANIA_05324
GO:0070592	cell wall polysaccharide biosynthetic process	biological_process	227321	direct	1	2873996	ANIA_03112
GO:0070596	(1->3)-alpha-glucan biosynthetic process	biological_process	227321	direct	1	2874399	ANIA_03307
GO:0070778	L-aspartate transmembrane transport	biological_process	227321	direct	1	2871126	ANIA_06118
GO:0070787	conidiophore development	biological_process	227321	direct	7	2868608|2870475|2871120|2871398|2872467|2873995|2875312	ANIA_08547|ANIA_06688|ANIA_06150|ANIA_05105|ANIA_04667|ANIA_03113|ANIA_01459
GO:0070790	phialide development	biological_process	227321	direct	2	2869192|2877138	ANIA_08244|ANIA_01359
GO:0070791	cleistothecium development	biological_process	227321	direct	10	2870283|2870792|2871747|2873053|2873113|2873584|2874843|2875037|2875741|2876167	ANIA_06505|ANIA_06231|ANIA_05457|ANIA_03634|ANIA_03695|ANIA_04163|ANIA_02269|ANIA_02330|ANIA_01848|ANIA_00387
GO:0070793	regulation of conidiophore development	biological_process	227321	direct	1	2876765	ANIA_00988
GO:0070795	positive regulation of conidiophore development	biological_process	227321	direct	1	2868333	ANIA_08741
GO:0070796	regulation of cleistothecium development	biological_process	227321	direct	1	2876765	ANIA_00988
GO:0070797	negative regulation of cleistothecium development	biological_process	227321	direct	2	2875037|2876167	ANIA_02330|ANIA_00387
GO:0070798	positive regulation of cleistothecium development	biological_process	227321	direct	3	2868333|2871747|2873584	ANIA_08741|ANIA_05457|ANIA_04163
GO:0070938	contractile ring	cellular_component	227321	direct	1	2875891	ANIA_00113
GO:0070941	eisosome assembly	biological_process	227321	direct	2	2869429|2871509	ANIA_07683|ANIA_05217
GO:0071248	cellular response to metal ion	biological_process	227321	direct	1	2872705	ANIA_04905
GO:0071277	cellular response to calcium ion	biological_process	227321	direct	1	2872018	ANIA_05726
GO:0071294	cellular response to zinc ion	biological_process	227321	direct	1	2868934	ANIA_08021
GO:0071398	cellular response to fatty acid	biological_process	227321	direct	1	2876817	ANIA_01037
GO:0071466	cellular response to xenobiotic stimulus	biological_process	227321	direct	1	2872705	ANIA_04905
GO:0071467	cellular response to pH	biological_process	227321	direct	3	2870630|2874027|2876543	ANIA_06920|ANIA_02962|ANIA_00766
GO:0071469	cellular response to alkaline pH	biological_process	227321	direct	1	2868934	ANIA_08021
GO:0071470	cellular response to osmotic stress	biological_process	227321	direct	2	2871958|2873006	ANIA_05666|ANIA_03583
GO:0071472	cellular response to salt stress	biological_process	227321	direct	2	2871848|2874155	ANIA_05563|ANIA_02919
GO:0071483	cellular response to blue light	biological_process	227321	direct	1	2876167	ANIA_00387
GO:0071492	cellular response to UV-A	biological_process	227321	direct	1	2876167	ANIA_00387
GO:0071500	cellular response to nitrosative stress	biological_process	227321	direct	1	2870079	ANIA_07169
GO:0071852	fungal-type cell wall organization or biogenesis	biological_process	227321	direct	1	2871949	ANIA_05660
GO:0072593	reactive oxygen species metabolic process	biological_process	227321	direct	1	2871747	ANIA_05457
GO:0072686	mitotic spindle	cellular_component	227321	direct	1	2874636	ANIA_02101
GO:0075296	positive regulation of ascospore formation	biological_process	227321	direct	1	2875459	ANIA_01661
GO:0075306	regulation of conidium formation	biological_process	227321	direct	1	2869126	ANIA_08261
GO:0075307	positive regulation of conidium formation	biological_process	227321	direct	1	2875459	ANIA_01661
GO:0075308	negative regulation of conidium formation	biological_process	227321	direct	2	2869181|2871446	ANIA_08129|ANIA_05156
GO:0090155	negative regulation of sphingolipid biosynthetic process	biological_process	227321	direct	2	2869429|2871509	ANIA_07683|ANIA_05217
GO:0090529	cell septum assembly	biological_process	227321	direct	2	2869192|2871428	ANIA_08244|ANIA_10635
GO:0097308	cellular response to farnesol	biological_process	227321	direct	27	2868361|2868934|2869084|2869547|2869600|2870016|2870766|2870792|2871108|2871613|2871857|2872100|2872415|2872467|2873584|2874007|2874699|2875647|2875730|2875960|2876017|2876458|2876524|2876573|2877175|74896450|74896494	ANIA_08863|ANIA_08021|ANIA_08273|ANIA_07590|ANIA_07594|ANIA_07208|ANIA_05886|ANIA_06231|ANIA_05999|ANIA_05324|ANIA_05564|ANIA_04300|ANIA_04616|ANIA_04667|ANIA_04163|ANIA_02846|ANIA_02435|ANIA_10266|ANIA_02150|ANIA_00179|ANIA_00240|ANIA_00687|ANIA_00747|ANIA_00797|ANIA_01396|ANIA_10518|ANIA_10594
GO:1900197	negative regulation of penicillin biosynthetic process	biological_process	227321	direct	1	2869011	ANIA_08042
GO:1900376	regulation of secondary metabolite biosynthetic process	biological_process	227321	direct	6	2869011|2869918|2872357|2872371|2874551|2874843	ANIA_08042|ANIA_07252|ANIA_04562|ANIA_04570|ANIA_03422|ANIA_02269
GO:1900381	positive regulation of asperthecin biosynthetic process	biological_process	227321	direct	1	2872357	ANIA_04562
GO:1900408	negative regulation of cellular response to oxidative stress	biological_process	227321	direct	1	2876047	ANIA_00273
GO:1900409	positive regulation of cellular response to oxidative stress	biological_process	227321	direct	1	2868083	ANIA_09090
GO:1900760	negative regulation of sterigmatocystin biosynthetic process	biological_process	227321	direct	1	2870245	ANIA_06749
GO:1900854	positive regulation of terrequinone A biosynthetic process	biological_process	227321	direct	1	2868333	ANIA_08741
GO:1901892	negative regulation of cell septum assembly	biological_process	227321	direct	1	2870945	ANIA_05822
GO:1901893	positive regulation of cell septum assembly	biological_process	227321	direct	1	2870049	ANIA_07077
GO:1902075	cellular response to salt	biological_process	227321	direct	1	2870141	ANIA_07250
GO:1902358	sulfate transmembrane transport	biological_process	227321	direct	1	2873886	ANIA_02730
GO:1904359	regulation of spore germination	biological_process	227321	direct	6	2872014|2872343|2872693|2875907|2876687|74896227	ANIA_05722|ANIA_04544|ANIA_04896|ANIA_00129|ANIA_00914|ANIA_10138
GO:1904659	D-glucose transmembrane transport	biological_process	227321	direct	2	2870454|2871109	ANIA_06669|ANIA_05860
GO:1990071	TRAPPII protein complex	cellular_component	227321	direct	6	2868070|2868336|2870227|2876815|74896625|74897076	ANIA_09086|ANIA_08828|ANIA_06533|ANIA_01038|ANIA_10826|ANIA_11500
GO:2000999	positive regulation of cellulose catabolic process	biological_process	227321	direct	2	2871081|2874286	ANIA_05808|ANIA_03369
GO:2001002	positive regulation of xylan catabolic process	biological_process	227321	direct	1	2872309	ANIA_04510
